{"cameraMode":{"drawMode":0,"name":"Shaded","section":"Shading Mode"},"sceneLighting":true,"audioPlay":false,"sceneViewState":{"m_AlwaysRefresh":false,"showFog":true,"showSkybox":true,"showFlares":true,"showImageEffects":true,"showParticleSystems":true,"showVisualEffectGraphs":true,"m_FxEnabled":true},"in2DMode":false,"pivot":{"x":-7.452408790588379,"y":-10.480182647705079,"z":3.5760574340820314},"rotation":{"x":-0.42660900950431826,"y":0.5733805894851685,"z":-0.49717915058135989,"w":-0.49206358194351199},"size":28.469152450561525,"orthographic":false}