{"cameraMode":{"drawMode":0,"name":"Shaded","section":"Shading Mode"},"sceneLighting":true,"audioPlay":false,"sceneViewState":{"m_AlwaysRefresh":false,"showFog":true,"showSkybox":true,"showFlares":true,"showImageEffects":true,"showParticleSystems":true,"showVisualEffectGraphs":true,"m_FxEnabled":true},"in2DMode":false,"pivot":{"x":0.14999324083328248,"y":8.977679252624512,"z":25.580490112304689},"rotation":{"x":-0.14530396461486817,"y":0.004249939229339361,"z":-0.0005704726208932698,"w":-0.9894735813140869},"size":9.794382095336914,"orthographic":false}