{"cameraMode":{"drawMode":0,"name":"Shaded","section":"Shading Mode"},"sceneLighting":true,"audioPlay":false,"sceneViewState":{"m_AlwaysRefresh":false,"showFog":true,"showSkybox":true,"showFlares":true,"showImageEffects":true,"showParticleSystems":true,"showVisualEffectGraphs":true,"m_FxEnabled":true},"in2DMode":false,"pivot":{"x":-1.6727919578552247,"y":8.948492050170899,"z":38.35509490966797},"rotation":{"x":-0.08420231193304062,"y":0.014046183787286282,"z":-0.0011879999656230212,"w":-0.9963526129722595},"size":18.389358520507814,"orthographic":false}