{"cameraMode":{"drawMode":0,"name":"Shaded","section":"Shading Mode"},"sceneLighting":true,"audioPlay":false,"sceneViewState":{"m_AlwaysRefresh":false,"showFog":true,"showSkybox":true,"showFlares":true,"showImageEffects":true,"showParticleSystems":true,"showVisualEffectGraphs":true,"m_FxEnabled":true},"in2DMode":false,"pivot":{"x":8.641658782958985,"y":-0.7690105438232422,"z":41.48545837402344},"rotation":{"x":-0.16010136902332307,"y":-0.01421655435115099,"z":0.002305172849446535,"w":-0.9869983792304993},"size":26.858734130859376,"orthographic":false}